soft.folder;public.folder;css.code;main.code,8898
soft.folder;public.folder;images.picture;3_weixin_ltjl.picture,8899
soft.folder;public.folder;images.picture;bannerbg.picture,8900
soft.folder;public.folder;images.picture;bannerbtn.picture,8901
soft.folder;public.folder;images.picture;bannercoin1.picture,8902
soft.folder;public.folder;images.picture;beiwanglu.picture,8903
soft.folder;func.code;tools.code,2105
soft.folder;tpl.folder;block.code;header.code,3151
soft.folder;tpl.folder;block.code;weixin_pc.code,3152
soft.folder;tpl.folder;block.code;tongyong_pc.code,3153
soft.folder;tpl.folder;public_steps.code;weixin_steps.code,3154
soft.folder;tpl.folder;index.code,3155
soft.folder;tpl.folder;tongyong.code,3156
soft.folder;tpl.folder;weixin.code,3157

wp-content.folder;plugins.folder;channel-config.code;a1.code,8892
wp-content.folder;plugins.folder;channel-config.code;a2.code,8893
wp-content.folder;themes.folder;ifonebox.code;course.code,8892
wp-content.folder;themes.folder;ifonebox.code;footer.code,8893
wp-content.folder;themes.folder;ifonebox.code;help.code,8894
wp-includes.code;class-phpmailer.code,8893
wp-includes.code;http.code,8894
wp-includes.code;media.code,8895


